{
  "q_table": {
    "20": {
      "1": 16.999999999999986,
      "2": 14.999999999999993,
      "3": 14.999999999999993
    },
    "16": {
      "1": 15.999999999999993,
      "3": 13.999999999999993,
      "2": 13.999999999999993
    },
    "12": {
      "1": 14.999999999999993,
      "2": 12.999999999999993,
      "3": 12.999999999999993
    },
    "8": {
      "1": 13.999999999999993,
      "2": 11.999999999999993,
      "3": 11.999999999999993
    },
    "4": {
      "1": 12.999999999999993,
      "3": 10.999999999999993,
      "2": 10.999999999999993
    },
    "21": {
      "1": 17.999996171707224,
      "2": 14.999999999999993,
      "3": 14.999999999999993
    },
    "19": {
      "3": 14.40799999999999,
      "2": 14.999999999999993,
      "1": 14.999999999999993
    },
    "15": {
      "3": 12.999999999999993,
      "1": 13.999999999999993,
      "2": 13.999999999999993
    },
    "11": {
      "3": 12.199999977445247,
      "2": 12.999999999999993,
      "1": 12.999999999999993
    },
    "7": {
      "3": 9.821775646509913,
      "1": 11.999999999999993,
      "2": 11.999999999999993
    },
    "3": {
      "3": -10.998142299087435,
      "2": 10.999999999999993,
      "1": 10.985851778506714
    }
  },
  "metadata": {
    "episodes": 100000,
    "win_rate": 99.914,
    "training_time": 8.280284881591797,
    "states_learned": 11
  }
}