{"1": {"1": -9.999999999999993}, "3": {"2": 9.999999999999993, "3": -9.999999999999993, "1": 9.999999999999993}, "2": {"2": -9.999999999999993, "1": 9.999999999999993}, "5": {"3": 9.999999999999993, "2": 9.99999999998859}, "4": {"2": 9.999999999999993, "3": 9.999999999999993, "1": 9.999999999976144}, "6": {"3": 9.999999999999993}}